Week,Task Completion,Resource Availability,Team Collaboration,Budget Management,Risk Assessment,Quality Assurance,Communication,Project Scope,Technical Expertise,External Dependencies,Stakeholder Engagement
Week 1,20,20,20,20,20,20,10,10,10,10,10
Week 2,20,20,20,20,20,20,15,15,15,15,15
Week 3,20,20,20,20,20,20,18,18,18,18,18
Week 4,15,15,15,15,15,15,20,20,20,20,20
Week 5,10,10,10,10,10,10,20,20,20,20,20
Week 6,10,10,10,10,10,10,15,15,15,15,15
Week 7,10,10,10,10,10,10,18,18,18,18,18
Week 8,10,10,10,10,10,10,20,20,20,20,20
Week 9,10,10,10,10,10,10,15,15,15,15,15
Week 10,10,10,10,10,10,10,18,18,18,18,18
Week 11,10,10,10,10,10,10,20,20,20,20,20